Model,Accuracy,F1 Score,AUC
Logistic,0.4,0.1891891891891892,0.41517857142857145
Random Forest,0.4,0.1891891891891892,0.38913690476190477
XGBoost,0.62,0.09523809523809523,0.39806547619047616
Gradient Boost,0.62,0.09523809523809523,0.39806547619047616
